{"cameraMode":{"drawMode":0,"name":"Shaded","section":"Shading Mode"},"sceneLighting":false,"audioPlay":false,"sceneViewState":{"showFog":true,"showMaterialUpdate":false,"showSkybox":true,"showFlares":true,"showImageEffects":true,"showParticleSystems":true},"in2DMode":false,"pivot":{"x":-0.12103796005249024,"y":0.3458380699157715,"z":-1.248018741607666},"rotation":{"x":-0.4710633456707001,"y":0.23072677850723267,"z":-0.1291530281305313,"w":-0.8415366411209106},"size":4.733603477478027,"orthographic":false}