{"cameraMode":{"drawMode":0,"name":"Shaded","section":"Shading Mode"},"sceneLighting":false,"audioPlay":false,"sceneViewState":{"showFog":true,"showMaterialUpdate":false,"showSkybox":true,"showFlares":true,"showImageEffects":true,"showParticleSystems":true},"in2DMode":false,"pivot":{"x":-1.971968650817871,"y":2.8272266387939455,"z":-0.4066143035888672},"rotation":{"x":-0.14494772255420686,"y":0.8344398140907288,"z":-0.26115158200263979,"w":-0.46314167976379397},"size":24.344234466552736,"orthographic":false}