{"cameraMode":{"drawMode":0,"name":"Shaded","section":"Shading Mode"},"sceneLighting":false,"audioPlay":false,"sceneViewState":{"showFog":true,"showMaterialUpdate":false,"showSkybox":true,"showFlares":true,"showImageEffects":true,"showParticleSystems":true},"in2DMode":false,"pivot":{"x":6.790556907653809,"y":1.0065784454345704,"z":37.98193359375},"rotation":{"x":-0.49851885437965395,"y":0.07057856768369675,"z":-0.040768496692180637,"w":-0.8630385994911194},"size":5.715777397155762,"orthographic":false}