{"cameraMode":{"drawMode":0,"name":"Shaded","section":"Shading Mode"},"sceneLighting":false,"audioPlay":false,"sceneViewState":{"showFog":true,"showMaterialUpdate":false,"showSkybox":true,"showFlares":true,"showImageEffects":true,"showParticleSystems":true},"in2DMode":false,"pivot":{"x":-0.12103796005249024,"y":0.3458380699157715,"z":-0.1210474967956543},"rotation":{"x":-0.26539257168769839,"y":0.30616873502731326,"z":-0.08930452167987824,"w":-0.9098638892173767},"size":9.401169776916504,"orthographic":false}