{"cameraMode":{"drawMode":0,"name":"Shaded","section":"Shading Mode"},"sceneLighting":false,"audioPlay":false,"sceneViewState":{"showFog":true,"showMaterialUpdate":false,"showSkybox":true,"showFlares":true,"showImageEffects":true,"showParticleSystems":true},"in2DMode":false,"pivot":{"x":2.9802322387695315e-8,"y":0.0,"z":-1.1920928955078126e-7},"rotation":{"x":-0.4689551889896393,"y":-0.34834209084510805,"z":0.20824715495109559,"w":-0.7844564914703369},"size":5.715777397155762,"orthographic":false}